"zipcode","latitude","longitude"
"13860-000",-22.0545,-46.9795
"71936-250",-15.8167,-48.05
"48005-140",-12.1203,-38.4098
"86380-000",-23.0445,-50.2282
"86800-020",-23.5496,-51.4615
"84990-000",-24.1453,-49.8188
"88900-000",-28.9342,-49.4813
"13160-000",-22.5745,-47.1726
"18700-140",-23.1006,-48.9246
"13085-300",-22.9071,-47.0632
"27330-590",-22.5462,-44.1678
"14780-360",-20.5509,-48.5773
"95700-000",-29.1696,-51.5075
"30535-620",-19.9254,-43.9893
"30150-100",-19.9174,-43.9301
"30140-131",-19.9372,-43.9343
"16200-071",-21.2935,-50.3393
"89010-600",-26.9256,-49.0659
"18603-700",-22.8816,-48.4431
"12900-340",-22.956,-46.5422
"70833-510",-15.7801,-47.9292
"70330-545",-15.8371,-47.9327
"70374-520",-15.8371,-47.9327
"73025-060",-15.7801,-47.9292
"73070-044",-15.7801,-47.9292
"89500-000",-28.4743,-48.985
"78200-000",-16.0745,-57.6857
"94910-001",-29.9517,-51.1012
"29306-450",-20.9667,-41.1167
"07700-000",-23.3645,-46.7403
"86390-000",-23.0372,-50.0714
"86181-040",-23.2792,-51.282
"88330-000",-26.9911,-48.6352
"13033-050",-22.9069,-47.0985
"93700-000",-29.68,-51.0541
"79002-232",-20.4551,-54.6121
"87303-000",-24.0378,-52.3733
"28035-301",-22.8667,-42.0187
"92310-000",-29.914,-51.1825
"15800-120",-21.1383,-48.9738
"95080-190",-29.1696,-51.1828
"95001-970",-29.1685,-51.1616
"89801-040",-27.1015,-52.6115
"87200-000",-23.6633,-52.6055
"13084-070",-22.9071,-47.0632
"13835-000",-22.33,-47.1731
"89700-000",-27.2324,-52.0283
"86300-000",-23.1834,-50.6476
"13150-000",-22.6445,-47.1953
"98005-250",-28.635,-53.6011
"12701-450",-22.5745,-44.9626
"11510-010",-23.8851,-46.424
"09920-570",-23.6853,-46.6242
"35500-037",-20.1421,-44.8882
"79825-080",-22.2194,-54.8141
"99700-000",-27.6401,-52.2724
"13990-090",-22.1961,-46.7511
"95880-000",-29.4999,-51.9647
"95270-000",-29.0305,-51.1919
"73801-170",-15.5405,-47.3369
"60160-230",-3.73234,-38.5
"60040-531",-3.7483,-38.5305
"60811-341",-3.80029,-38.4796
"85851-000",-25.544,-54.5863
"14400-320",-20.5438,-47.402
"85605-300",-26.0783,-53.0531
"95720-000",-29.2553,-51.5291
"89110-000",-26.9301,-48.9606
"95670-000",-29.376,-50.8738
"92500-000",-30.1085,-51.3149
"71020-216",-15.8133,-47.9763
"71050-153",-15.7801,-47.9292
"85010-120",-25.3969,-51.4673
"07020-210",-23.4646,-46.5169
"07074-030",-23.4571,-46.5642
"13825-000",-22.6336,-47.0562
"84900-000",-23.8557,-50.1949
"32900-000",-20.0721,-44.3032
"11630-000",-23.7787,-45.3584
"89130-000",-26.8975,-49.2317
"24800-129",-22.7472,-42.8585
"88301-400",-26.9097,-48.6547
"15840-000",-21.3161,-49.0561
"18200-014",-23.5933,-48.0558
"18400-817",-23.9676,-48.901
"13250-340",-23.0037,-46.8426
"13300-000",-23.2657,-47.2965
"75503-040",-18.4003,-49.2031
"86400-000",-23.1616,-49.9697
"13820-000",-22.7058,-46.9862
"89251-610",-26.4884,-49.082
"17210-040",-22.2964,-48.562
"36016-400",-21.765,-43.3488
"13202-590",-23.1985,-46.8764
"13201-836",-23.1865,-46.8845
"95300-000",-28.2128,-51.5168
"95900-000",-29.4608,-51.9678
"13610-180",-22.1892,-47.398
"13290-000",-23.0867,-46.9495
"68906-000",0.0344566,-51.0666
"69053-070",-3.10416,-60.0187
"09310-040",-23.6687,-46.4614
"13840-000",-22.3648,-46.9445
"13800-033",-22.4378,-46.9622
"95780-000",-29.6871,-51.4634
"39403-222",-16.7379,-43.8816
"28625-630",-22.2756,-42.5349
"93410-003",-29.6896,-51.1269
"15400-000",-20.7378,-48.9107
"06018-180",-23.5401,-46.778
"06023-090",-23.5445,-46.7657
"83203-060",-25.518,-48.508
"85501-020",-26.2295,-52.6716
"13140-693",-22.7736,-47.1488
"12400-250",-22.9236,-45.4598
"26130-050",-22.7679,-43.3976
"13631-068",-22.0004,-47.4241
"08562-150",-23.5288,-46.3455
"37701-018",-21.7883,-46.5627
"76550-000",-13.4312,-49.1428
"90560-005",-30.0178,-51.1954
"90150-003",-30.0528,-51.2223
"91060-000",-30.009,-51.1489
"90870-190",-30.0794,-51.21
"13660-000",-21.8549,-47.4793
"15105-000",-21.0468,-49.3774
"19015-150",-22.1189,-51.3913
"50070-110",-8.05651,-34.8974
"51020-210",-8.11392,-34.8948
"27542-020",-22.4627,-44.4556
"71825-523",-15.7801,-47.9292
"09400-320",-23.7084,-46.4121
"14020-240",-21.1767,-47.8208
"13500-220",-22.4098,-47.5661
"89160-000",-29.1808,-51.1905
"83880-000",-26.104,-49.8005
"22631-003",-23.0004,-43.3496
"20510-060",-22.9244,-43.2464
"22640-000",-23.0065,-43.3104
"22271-110",-22.9538,-43.1895
"23052-090",-22.8825,-43.5625
"20050-005",-22.9035,-43.2096
"22070-011",-22.9817,-43.1909
"22755-001",-22.9395,-43.3422
"22451-041",-22.9768,-43.2297
"21931-387",-22.8057,-43.2111
"21351-040",-22.8728,-43.34
"20271-030",-22.9146,-43.2238
"20725-040",-22.9031,-43.2815
"22790-701",-23.0006,-43.3389
"22730-190",-22.9205,-43.3706
"20521-070",-22.9256,-43.2322
"21210-675",-22.8403,-43.306
"21321-230",-22.8844,-43.3671
"86600-000",-23.3105,-51.3695
"13320-240",-23.2052,-47.2917
"96810-090",-29.7186,-52.4245
"15775-000",-20.2119,-50.9271
"09080-300",-23.6471,-46.541
"09291-230",-23.6432,-46.5222
"09110-001",-23.6668,-46.5144
"11045-301",-23.9724,-46.3205
"11065-002",-23.9519,-46.337
"11089-000",-23.9402,-46.3709
"11701-120",-23.9991,-46.4133
"09750-000",-23.6917,-46.5526
"09626-000",-23.6572,-46.5701
"13560-240",-22.0124,-47.892
"37490-000",-21.889,-45.59
"13720-970",-21.5955,-46.8883
"12243-840",-23.1959,-45.8929
"12230-001",-23.2335,-45.8848
"93010-200",-29.768,-51.1444
"65071-380",-2.49187,-44.2614
"04635-021",-23.6402,-46.6708
"03081-000",-23.5367,-46.5756
"02464-100",-23.4945,-46.6455
"04568-000",-23.6129,-46.6881
"04618-003",-23.6217,-46.6741
"04136-111",-23.6136,-46.6243
"04660-004",-23.6741,-46.6782
"04267-010",-23.597,-46.6102
"08115-000",-23.4949,-46.4078
"08210-100",-23.5405,-46.4533
"04319-020",-23.6456,-46.6391
"05078-000",-23.5256,-46.7145
"02721-030",-23.5028,-46.6732
"02415-000",-23.4753,-46.6315
"04671-070",-23.6601,-46.692
"04165-001",-23.6259,-46.6066
"04524-002",-23.6079,-46.6683
"03149-100",-23.5765,-46.5871
"05717-270",-23.6347,-46.7335
"04004-050",-23.6624,-46.6415
"01414-001",-23.56,-46.6638
"03605-010",-23.5207,-46.5476
"05008-000",-23.5368,-46.6715
"05143-060",-23.4971,-46.7261
"05125-080",-23.5013,-46.7387
"05047-000",-23.526,-46.6896
"03802-000",-23.5054,-46.4883
"02404-000",-23.4917,-46.6269
"04040-002",-23.6022,-46.6399
"04802-190",-23.6827,-46.6902
"01254-000",-23.5423,-46.6818
"03321-000",-23.5486,-46.5696
"02332-001",-23.4738,-46.6186
"02306-002",-23.4709,-46.6059
"03402-003",-23.5517,-46.5305
"03361-000",-23.5728,-46.5342
"02085-100",-23.4951,-46.6118
"05061-150",-23.5407,-46.7028
"02113-010",-23.5235,-46.5936
"02221-000",-23.4856,-46.5786
"03143-003",-23.5904,-46.5726
"14160-005",-21.1385,-47.9956
"35700-000",-19.4586,-44.2449
"78550-000",-11.8577,-55.4984
"18047-620",-23.5263,-47.465
"18040-355",-23.5062,-47.4559
"13170-018",-22.8227,-47.269
"08674-030",-23.5358,-46.3111
"72110-420",-15.8188,-48.0624
"72015-110",-15.8531,-48.0427
"18270-330",-23.3492,-47.8439
"64048-180",-5.07448,-42.7913
"64045-970",-5.08661,-42.7862
"85901-120",-24.7238,-53.7431
"88840-000",-28.5227,-49.3176
"13270-250",-22.9712,-46.9964
"13880-000",-21.8356,-46.8811
"37010-630",-21.5569,-45.4428
"13220-005",-23.2107,-46.8311
"95800-000",-29.6086,-52.1967
"29375-000",-20.3259,-41.136
"95330-000",-28.9408,-51.5485
"29100-041",-20.3345,-40.2836
"13280-000",-23.0301,-46.9756
"29055-290",-20.3038,-40.2971
"27259-350",-22.5249,-44.1037
"77020-558",-10.2213,-48.3221
"97700-000",-29.1723,-54.8566
"98900-000",-27.8709,-54.482
"02611-001",-23.471,-46.651
"13735-080",-21.4708,-47.0006
"13295-000",-23.1522,-47.0577
"21710-230",-22.8781,-43.438
"13230-075",-23.206,-46.7836
"86430-000",-23.2969,-50.0784
"75920-000",-17.823,-50.5883
"25900-000",-22.6567,-43.0398
"98810-680",-28.3043,-54.2629
"04846-000",-23.7392,-46.6916
"03658-010",-23.5489,-46.6388
"73330-010",-15.6167,-47.6667
"21321-620",-22.8984,-43.3527
"95890-000",-29.4679,-51.8115
"93800-000",-29.6407,-51.005
"93260-030",-29.8526,-51.174
"06763-270",-23.6112,-46.7605
"72220-000",-15.8167,-48.1167
"38183-188",-19.594,-46.941
"95600-000",-29.6416,-50.7955
"04045-004",-23.6248,-46.6405
"27700-000",-22.4044,-43.6633
"21380-002",-22.8822,-43.3248
"28470-000",-22.7927,-43.3277
"37501-058",-22.4269,-45.453
"06320-060",-23.5218,-46.8342
"70711-000",-15.7801,-47.9292
"18110-045",-23.5436,-47.4491
"03712-001",-23.5062,-46.5305
"05018-010",-23.5348,-46.6796
"11750-000",-24.3173,-46.9954
"37200-000",-21.2345,-44.9975
"85812-030",-24.9489,-53.4506
"85803-000",-24.9683,-53.4548
"72405-050",-16.0211,-48.0636
"06190-160",-23.5293,-46.7974
"37410-000",-21.7081,-45.2695
"05303-000",-23.5295,-46.7291
"22710-266",-22.9283,-43.3746
"21050-000",-22.8737,-43.2581
"20780-230",-22.8934,-43.2724
"72800-440",-16.2515,-47.9553
"07180-230",-23.4667,-46.4667
"07141-040",-23.4213,-46.5018
"09041-321",-23.6669,-46.5352
"13490-000",-22.4802,-47.4557
"09951-550",-23.6815,-46.5861
"12223-690",-23.1762,-45.8254
"13574-020",-22.0323,-47.8943
"20045-900",-22.9035,-43.2096
"02515-001",-23.5107,-46.659
"88160-000",-27.499,-48.6512
"08410-020",-23.5449,-46.4138
"69055-011",-3.10641,-60.0264
"69020-070",-3.1261,-60.0187
"20551-030",-22.9142,-43.2375
"59300-000",-6.45981,-37.099
"98870-000",-28.0284,-54.3504
"71727-001",-15.856,-47.9466
"88375-000",-26.8965,-48.6461
"09030-320",-23.6655,-46.5265
"72310-148",-15.7801,-47.9292
"09850-310",-23.7208,-46.5692
"76900-053",-10.8808,-61.9419
"76963-731",-11.424,-61.4532
"78320-000",-11.3811,-58.739
"21235-420",-22.8347,-43.3264
"21021-350",-22.8408,-43.2675
"85857-620",-25.5335,-54.5508
"86770-000",-23.0322,-51.8306
"13215-276",-23.1865,-46.8845
"17340-000",-22.498,-48.5515
"05859-000",-23.6605,-46.7678
"38440-072",-18.6542,-48.1927
"93220-190",-29.8281,-51.1443
"26900-000",-22.4651,-43.4655
"12240-540",-23.2199,-45.9109
"89870-000",-26.8371,-52.9868
"38610-000",-16.3608,-46.9029
"87111-260",-23.4464,-51.872
"72546-227",-15.7801,-47.9292
"72110-800",-15.8167,-48.05
"05777-000",-23.6333,-46.7667
"78060-200",-15.6107,-56.0722
"17500-022",-22.2194,-49.9484
"37470-000",-22.1154,-45.051
"15350-000",-20.686,-50.5555
"14270-000",-21.47,-47.3619
"72600-302",-16.0066,-48.082
"71570-800",-15.767,-47.7797
"78890-000",-12.558,-55.7337
"29165-155",-20.1999,-40.2508
"87704-010",-23.0738,-52.4653
"58040-000",-7.11964,-34.8391
"88701-410",-28.4834,-49.0031
"59061-200",-5.82025,-35.2132
"26520-340",-22.8085,-43.4145
"06656-420",-23.5492,-46.9373
"87360-000",-24.1846,-53.0187
"59020-400",-5.7873,-35.2013
"59078-210",-5.79448,-35.211
"11055-330",-23.9618,-46.3314
"59380-000",-6.2613,-36.5161
"88870-000",-28.3686,-49.2856
"09210-630",-23.6343,-46.5319
"13212-210",-23.2276,-46.969
"11900-000",-28.2614,-47.8517
"85950-000",-24.2817,-53.8404
"09390-040",-23.6687,-46.4614
"29090-060",-20.3154,-40.3018
"29190-062",-19.8228,-40.2709
"88750-000",-28.2833,-49.1587
"04813-050",-23.7183,-46.6906
"47850-000",-12.0994,-45.7983
"79004-600",-20.4771,-54.6063
"88830-000",-28.6522,-49.2105
"37550-000",-22.2321,-45.9341
"86200-000",-23.27,-51.0488
"04255-000",-23.6237,-46.5918
"19900-110",-22.9812,-49.8703
"21810-040",-22.8796,-43.4632
"88101-091",-27.5927,-48.6125
"11320-000",-23.9671,-46.3782
"11410-150",-23.995,-46.2599
"18550-000",-23.2854,-47.674
"14015-110",-21.1832,-47.8081
"58038-100",-7.10856,-34.8276
"08576-000",-23.4854,-46.3524
"36400-000",-20.6597,-43.7855
"88020-040",-27.5946,-48.5477
"69301-011",2.8276,-60.6656
"93900-000",-29.609,-51.1626
"11460-500",-23.9946,-46.2569
"78260-000",-15.4676,-58.356
"14960-000",-21.465,-49.2242
"92020-030",-29.9189,-51.1781
"93540-000",-29.6736,-51.1126
"04719-001",-23.6352,-46.7014
"04901-000",-23.6677,-46.7301
"18075-042",-23.5062,-47.4559
"28300-000",-21.2065,-41.8896
"24020-002",-22.8808,-43.1043
"08710-590",-23.5261,-46.198
"06709-150",-23.5877,-46.8327
"71680-362",-15.8947,-47.8526
"95860-000",-29.8004,-51.8645
"13360-000",-22.9949,-47.5095
"13290-000",-23.0867,-46.9495
"18134-220",-23.5308,-47.1354
"69909-430",-9.974,-67.8076
"13105-500",-22.8923,-46.9922
"18520-000",-23.1675,-47.7474
"20770-240",-22.8882,-43.2843
"11030-351",-23.9839,-46.3015
"06429-140",-23.4903,-46.9551
"85869-580",-25.4922,-54.5602
"09571-000",-23.6302,-46.5665
"05423-010",-23.5699,-46.6925
"69090-040",-3.03238,-59.9912
"15990-185",-21.6043,-48.3635
"05401-200",-23.5622,-46.6747
"03568-010",-23.5343,-46.4867
"74330-010",-16.7201,-49.3105
"75830-000",-17.5787,-52.5424
"28010-161",-21.7651,-41.3211
"96930-000",-29.6691,-52.7883
"71993-400",-15.7801,-47.9292
"29102-080",-20.3738,-40.3076
"75110-070",-16.3355,-48.9434
"17044-105",-22.3325,-49.056
"86900-000",-23.6036,-51.6427
"37660-000",-22.5517,-45.7809
"09715-000",-23.7119,-46.5484
"65073-460",-2.5074,-44.2408
"89770-000",-29.7127,-51.1405
"13185-300",-22.8987,-47.1749
"72705-010",-15.6731,-48.1925
"71710-570",-15.8739,-47.9712
"02831-001",-23.4465,-46.685
"93600-000",-29.6539,-51.1724
"98910-000",-27.7747,-54.2363
"13501-104",-22.4238,-47.5582
"89665-000",-27.3461,-51.6072
"17017-337",-22.3462,-49.061
"78005-340",-15.5952,-56.1016
"15650-000",-20.2833,-50.3996
"37540-000",-22.2499,-45.7198
"89107-000",-26.7474,-49.1738
"89900-000",-26.7258,-53.5181
"88220-000",-27.091,-48.612
"13970-070",-22.436,-46.822
"88210-000",-27.1546,-48.5427
"15110-000",-20.7958,-49.2206
"37590-000",-22.2879,-46.6134
"18760-000",-23.0459,-49.1691
"14200-000",-22.7233,-47.3191
"83280-000",-25.8834,-48.5762
"84010-280",-25.092,-50.1619
"59152-025",-5.93741,-35.2567
"79950-000",-23.0612,-54.2011
"56304-100",-9.3705,-40.5164
"15940-000",-21.2646,-48.687
"02734-000",-23.4929,-46.6963
"18530-000",-23.1123,-47.7229
"18540-000",-23.215,-47.5238
"72910-000",-15.7714,-48.2488
"37570-000",-22.2838,-46.3672
"15505-169",-20.4201,-49.9702
"38300-076",-18.9683,-49.4641
"86701-410",-23.4199,-51.4254
"01231-011",-23.5332,-46.6579
"86020-031",-23.3169,-51.1693
"02273-010",-23.4635,-46.5849
"15385-000",-20.426,-51.3427
"55700-000",-7.87232,-35.4398
"37890-000",-21.3691,-46.5208
"85660-000",-25.7346,-53.0585
"17515-200",-22.2101,-49.9392
"07252-000",-23.4333,-46.404
"37701-004",-21.7883,-46.5627
"13070-055",-22.8884,-47.0776
"55810-000",-7.84594,-35.2549
"55612-420",-8.11298,-35.2972
"55602-600",-8.11298,-35.2972
"71050-030",-15.8259,-47.9806
"13495-000",-22.5813,-47.5198
"88730-000",-28.3287,-49.1811
"86280-000",-23.2023,-50.7944
"88340-000",-27.0258,-48.6549
"95520-970",-29.8913,-50.273
"89260-000",-26.5111,-49.1149
"85875-000",-25.4489,-54.4071
"05338-001",-23.5509,-46.7491
"09450-000",-23.7444,-46.3928
"79480-000",-18.9204,-54.8437
"95700-000",-29.1696,-51.5075
"88390-000",-26.6326,-48.6852
"15013-000",-20.8147,-49.367
"79110-080",-20.4565,-54.6353
"23810-201",-22.8665,-43.7772
"09541-270",-23.6174,-46.5678
"95960-000",-29.2322,-51.8834
"20560-030",-22.9204,-43.2505
"22470-030",-22.966,-43.2177
"74210-045",-16.7129,-49.2478
"70804-005",-15.7933,-47.8495
"39205-000",-18.6608,-48.1888
"11730-000",-24.0924,-46.6213
"80060-010",-25.4295,-49.2649
"88036-500",-27.592,-48.5171
"87140-000",-23.4593,-52.0465
"36420-000",-20.5123,-43.7153
"13600-970",-22.3587,-47.3841
"04109-000",-23.5489,-46.6388
"96211-000",-32.0361,-52.1077
"99250-000",-28.7178,-51.9342
"90040-193",-30.0379,-51.2107
"18900-000",-22.9077,-49.6176
"25803-010",-22.1183,-43.2095
"57035-000",-9.66228,-35.7009
"49015-250",-10.92,-37.0533
"57051-180",-9.65937,-35.7327
"38600-000",-17.2223,-46.8752
"98920-000",-27.6301,-54.3072
"37464-000",-22.2978,-44.9267
"29111-420",-20.3539,-40.3537
"36015-460",-21.7609,-43.3516
"60135-102",-3.74717,-38.4968
"49500-000",-10.6859,-37.4247
"49020-600",-10.9292,-37.0488
"40275-160",-12.9907,-38.4863
"86870-000",-24.25,-51.6805
"15900-000",-21.4064,-48.5055
"39400-023",-16.7369,-43.8652
"07500-000",-23.3164,-46.2236
"37750-000",-21.661,-45.925
"45028-075",-14.8623,-40.8222
"03512-000",-23.5357,-46.5259
"83702-040",-25.5874,-49.405
"85550-000",-25.9888,-52.5542
"13015-310",-22.9096,-47.0577
"86084-590",-23.2597,-51.1546
"38060-340",-19.7502,-47.9325
"30430-110",-19.9321,-43.9597
"30160-041",-19.9264,-43.9406
"29730-000",-19.5127,-41.0123
"35660-108",-19.8601,-44.6077
"82515-000",-25.3974,-49.234
"11705-000",-24.0276,-46.4844
"91340-001",-30.0255,-51.1633
"31330-290",-19.8814,-43.999
"59600-150",-5.19108,-37.3439
"15015-760",-20.8178,-49.393
"16010-380",-21.2101,-50.4381
"89820-000",-26.8831,-52.4
"58900-000",-6.88634,-38.5614
"58800-005",-6.76761,-38.2278
"44003-144",-12.2624,-38.9657
"95680-000",-29.3674,-50.813
"17580-000",-22.1086,-50.1743
"37550-000",-22.2582,-45.9301
"37640-000",-22.8549,-46.3199
"87020-020",-23.4112,-51.9395
"87013-060",-23.4228,-51.9345
"16370-000",-21.5384,-49.8577
"69040-000",-3.10641,-60.0264
"29215-002",-20.6667,-40.5
"07400-000",-23.3965,-46.3214
"79400-000",-18.4891,-54.7537
"13188-092",-22.9022,-47.2376
"15850-000",-21.1944,-49.2952
"50710-100",-8.04965,-34.9086
"31275-050",-19.8584,-43.9639
"07901-170",-23.2801,-46.7433
"78987-000",-11.7242,-61.7597
"07851-071",-23.3228,-46.725
"85990-000",-24.1571,-54.1004
"96400-110",-31.3285,-54.1073
"58102-555",-7.23072,-35.8817
"15600-000",-20.2834,-50.2466
"13390-000",-22.8434,-47.6072
"79006-001",-20.4832,-54.6398
"13180-200",-22.8216,-47.2664
"60325-971",-3.73506,-38.5612
"60712-023",-3.7986,-38.5707
"60822-300",-3.79621,-38.4886
"18740-000",-23.5264,-49.2442
"89887-000",-27.0723,-53.158
"95560-000",-29.3391,-49.727
"95995-000",-29.6014,-52.1941
"30220-000",-19.9454,-43.9195
"29060-130",-20.2865,-40.2966
"90680-000",-30.0492,-51.1853
"14870-300",-21.2526,-48.325
"37564-000",-22.2751,-46.1662
"32560-000",-19.9691,-44.2023
"11680-000",-23.4326,-45.0698
"79040-120",-20.4666,-54.5848
"13068-010",-22.9071,-47.0632
"29101-782",-20.3501,-40.2857
"12211-000",-23.1703,-45.8918
"45570-000",-14.1352,-39.7351
"96010-000",-31.7711,-52.3431
"88801-440",-28.6783,-49.3704
"95250-000",-28.8517,-51.2767
"13419-155",-22.736,-47.6397
"88820-000",-28.7095,-49.3021
"52060-590",-8.03707,-34.9198
"05339-020",-23.5489,-46.6388
"21041-000",-22.8648,-43.253
"74280-210",-16.716,-49.2726
"74085-010",-16.7389,-49.2649
"13900-040",-22.7015,-46.7688
"36500-000",-21.1203,-42.948
"78700-170",-16.4664,-54.6329
"49400-000",-10.9145,-37.6639
"03526-060",-23.5501,-46.4978
"03889-000",-23.5489,-46.6388
"14840-000",-21.3607,-48.2282
"12327-682",-23.2986,-45.9679
"11600-000",-23.761,-45.4121
"68920-000",-0.832359,-52.4104
"35420-000",-20.3653,-43.2147
"87501-000",-23.7641,-53.3184
"99950-000",-28.0713,-52.0143
"02071-013",-23.5078,-46.5988
"99260-000",-28.5687,-51.9728
"05780-280",-23.5489,-46.6388
"87400-000",-23.7852,-53.0734
"93950-000",-29.5841,-51.0869
"07600-000",-23.3184,-46.5872
"13870-251",-21.9796,-46.7975
"15170-000",-20.6313,-49.6577
"05512-000",-23.5749,-46.707
"30640-130",-19.9775,-44.0195
"14940-000",-21.7583,-48.8284
"29900-045",-19.4041,-40.0648
"29146-201",-20.3409,-40.3829
"27123-020",-22.4705,-43.8268
"05512-000",-23.5931,-46.7341
"76801-240",-8.75809,-63.9035
"34000-000",-19.9821,-43.9442
"76803-768",-8.75093,-63.8961
"12515-690",-22.8073,-45.1913
"98360-000",-27.4742,-53.1706
"07760-000",-23.3358,-46.8401
"89190-000",-27.1161,-49.9982
"88240-970",-27.2766,-48.85
"13073-300",-22.8773,-47.0524
"30190-090",-19.9301,-43.9523
"13060-853",-22.939,-47.1075
"01405-002",-23.5687,-46.6585
"64980-000",-10.4418,-45.1645
"17250-000",-22.0743,-48.7402
"88860-000",-28.5989,-49.4254
"88868-000",-28.6604,-49.4711
"88850-000",-28.748,-49.4729
"99500-000",-28.2871,-52.7928
"80320-300",-25.4667,-49.2998
"80035-020",-25.4105,-49.2537
"13416-130",-22.7128,-47.6365
"12606-580",-22.7272,-45.1199
"89896-000",-22.7267,-47.3247
"48110-000",-12.3531,-38.3801
"14096-275",-21.2042,-47.7755
"14090-270",-21.1789,-47.7882
"13690-000",-21.904,-47.6199
"06401-000",-23.5063,-46.8756
"36420-000",-20.5123,-43.7153
"20240-020",-25.4457,-49.2832
"80730-080",-25.4359,-49.2981
"82300-000",-25.4155,-49.3506
"81530-000",-25.4513,-49.2297
"19814-371",-22.6607,-50.412
"36026-380",-21.7768,-43.3483
"36090-290",-21.6891,-43.4344
"32340-070",-19.9357,-44.0495
"88350-140",-27.0947,-48.9189
"05592-140",-23.5771,-46.7415
"89239-100",-26.2099,-48.9084
"16660-000",-22.2271,-49.9622
"22431-040",-22.9831,-43.2245
"88062-000",-27.6012,-48.473
"86990-000",-23.4855,-51.7927
"14620-000",-20.72,-47.888
"95760-000",-29.589,-51.3768
"03308-010",-23.5414,-46.5735
"13087-488",-22.8556,-47.0481
"15820-000",-21.0912,-48.6556
"69044-000",-3.07385,-60.0271
"88780-000",-28.2405,-48.6703
"51170-000",-8.08816,-34.908
"76630-000",-16.0084,-49.7962
"06600-010",-23.5303,-46.903
"83420-000",-23.5316,-51.4367
"09820-000",-23.7425,-46.5567
"71503-505",-15.7406,-47.8564
"06501-070",-23.4467,-46.919
"37130-000",-21.4329,-45.9496
"41640-280",-12.9343,-38.3712
"13026-125",-22.9096,-47.0449
"09321-375",-23.6481,-46.4379
"59092-100",-5.87278,-35.1809
"35650-000",-19.6912,-44.8965
"35300-036",-19.7904,-42.1393
"15300-000",-20.6417,-50.3616
"74935-851",-16.7664,-49.2917
"72880-000",-16.1144,-47.9372
"17400-000",-22.2127,-49.6604
"95630-000",-29.6307,-50.8257
"37400-000",-18.9542,-49.4648
"06730-000",-23.6055,-47.0262
"38400-124",-18.9193,-48.2803
"74223-070",-16.7129,-49.2478
"13087-901",-22.9071,-47.0632
"62960-000",-5.25429,-38.1247
"87900-000",-22.9233,-53.1364
"80030-190",-25.4169,-49.2647
"39270-000",-17.3441,-44.9409
"13472-130",-22.7311,-47.317
"88070-605",-27.5871,-48.5794
"13045-710",-22.9305,-47.0359
"05204-000",-23.4071,-46.7586
"02989-095",-23.5489,-46.6388
"94010-020",-29.9448,-50.9922
"18095-340",-23.4889,-47.4464
"18460-000",-24.1051,-49.343
"79331-010",-18.9998,-57.6582
"49160-000",-10.8529,-37.1453
"12940-640",-23.1143,-46.5544
"37800-000",-21.3102,-46.7127
"13054-000",-22.9655,-47.1333
"13318-000",-23.3058,-47.1319
"71693-103",-15.9159,-47.7613
"12281-350",-23.102,-45.7069
"15360-000",-20.6917,-50.9225
"87302-190",-24.043,-52.3849
"95360-000",-28.5963,-51.7867
"35900-002",-19.6657,-43.2121
"69083-310",-3.10641,-60.0264
"26210-000",-22.7598,-43.4516
"89203-570",-26.3145,-48.8508
"89204-040",-26.2947,-48.8498
"72876-084",-16.0717,-47.9777
"86945-000",-23.8566,-51.8494
"69058-030",-3.10641,-60.0264
"79750-000",-22.2515,-53.3498
"14680-000",-21.018,-47.7645
"01012-010",-23.5477,-46.6356
"15910-000",-21.2616,-48.4966
"13715-000",-21.7345,-46.9707
"84165-680",-26.3009,-48.8428
"84010-360",-25.0983,-50.157
"84240-000",-24.5398,-49.9278
"88380-000",-26.7662,-48.6704
"83030-500",-25.536,-49.2079
"01502-001",-23.562,-46.6388
"35450-000",-20.254,-43.8033
"08674-230",-23.5431,-46.3144
"14701-020",-20.9545,-48.4801
"86730-000",-23.2248,-51.6631
"78700-170",-15.6478,-56.1332
"79021-002",-20.4509,-54.5882
"23970-000",-23.0171,-44.5394
"18120-000",-23.5469,-47.1841
"73700-000",-15.3545,-48.5106
"06721-100",-23.6833,-47.0333
"95940-000",-29.4042,-51.9412
"13480-732",-22.5622,-47.4134
"13480-376",-22.5753,-47.3937
"06850-100",-23.7149,-46.8494
"98590-000",-27.8506,-53.776
"76420-000",-14.4578,-48.4663
"07770-000",-23.4098,-46.8363
"18480-970",-23.7155,-49.491
"05690-040",-23.6155,-46.704
"92990-000",-30.0882,-51.6245
"18950-000",-23.0566,-49.6208
"13092-305",-22.8985,-47.0298
"23890-000",-22.7414,-43.7053
"37472-000",-22.1055,-45.1454
"35606-000",-19.3228,-45.2462
"03527-000",-23.577,-46.5114
"65975-000",-5.78333,-43.25
"18682-050",-22.5968,-48.8119
"95750-000",-29.4409,-51.5079
"78043-152",-15.5948,-56.1185
"15920-000",-21.1641,-48.6386
"13930-000",-22.6101,-46.7025
"35700-312",-19.4673,-44.2501
"99400-000",-28.7244,-52.8449
"23900-370",-23.0054,-44.3197
"06803-000",-23.6492,-46.8526
"54410-010",-8.17083,-34.9158
"06330-000",-23.5192,-46.8367
"70650-400",-15.7928,-47.9399
"70660-685",-15.7801,-47.9292
"70670-623",-15.8006,-47.9255
"16300-000",-21.4211,-50.0728
"36200-046",-21.2264,-43.774
"85770-000",-25.7803,-53.5436
"18150-000",-23.6521,-47.2213
"72900-000",-15.9436,-48.2551
"13031-440",-22.9204,-47.0853
"15700-000",-20.2682,-50.5489
"84500-000",-25.4691,-50.6496
"48903-440",-9.42452,-40.4984
"51030-300",-8.13145,-34.9037
"52020-380",-8.04084,-34.8948
"85960-000",-24.562,-54.0623
"09220-611",-23.623,-46.5369
"25555-201",-22.776,-43.3627
"12215-280",-23.1791,-45.8872
"13940-000",-22.4797,-46.636
"37860-000",-21.1326,-46.4159
"78780-000",-17.3141,-53.2153
"45200-250",-13.851,-40.0812
"71720-550",-15.8705,-47.9686
"24710-410",-22.8229,-43.0028
"73252-900",-15.6333,-47.8167
"28890-000",-22.4939,-41.9171
"27916-020",-22.3786,-41.7779
"37170-000",-21.0941,-45.5746
"87560-000",-24.0059,-53.7055
"15880-000",-20.9646,-49.0282
"36900-000",-20.2564,-42.0325
"89278-000",-26.4261,-49.2433
"35790-000",-18.7573,-44.4296
"95185-000",-29.3006,-51.5047
"98700-000",-28.3885,-53.912
"78850-000",-15.5798,-54.2289
"13920-000",-22.743,-46.8943
"45260-000",-14.5172,-40.3787
"98640-000",-27.4994,-54.0993
"84950-000",-25.4341,-49.2674
"28909-800",-22.8787,-42.0199
"79602-110",-20.7598,-51.6951
"20775-040",-22.8988,-43.2771
"79490-000",-19.3936,-54.5635
"42700-000",-12.8938,-38.3275
"37500-198",-22.4269,-45.453
"29050-653",-20.3141,-40.307
"29175-520",-20.1065,-40.1785
"25071-182",-22.7919,-43.3031
"20561-130",-22.9227,-43.2649
"83260-000",-25.8189,-48.5414
"79900-000",-22.5311,-55.7299
"13650-000",-21.8281,-47.2514
"13050-153",-23.0069,-47.1363
"88130-101",-27.64,-48.6666
"03221-200",-23.5993,-46.5378
"71625-205",-15.9064,-47.8625
"15950-000",-21.2453,-48.8051
"17380-000",-22.2832,-48.127
"01121-000",-23.53,-46.6361
"78280-000",-15.6692,-58.0853
"24358-000",-22.9638,-43.0489
"24900-000",-22.9184,-42.8185
"28905-000",-22.8807,-42.0226
"28940-000",-22.8362,-42.1037
"24900-000",-22.9191,-42.8183
"28950-000",-22.7744,-41.9151
"28970-000",-22.7727,-43.3416
"24220-381",-22.9011,-43.1025
"85877-000",-25.347,-54.2391
"14902-000",-21.5964,-48.8111
"17300-000",-22.3691,-48.3804
"74140-020",-16.689,-49.2703
"95555-000",-29.7637,-50.0192
"88200-000",-27.2405,-48.6344
"85560-000",-25.8554,-52.5297
"99870-000",-27.7729,-51.5943
"28570-000",-21.6757,-42.0818
"45550-000",-14.1973,-39.5127
"12120-000",-22.9605,-45.5407
"11950-000",-24.7299,-48.1028
"95150-000",-29.4419,-51.1381
"83010-900",-25.5362,-49.1792
"25780-000",-22.153,-42.9253
"25241-390",-22.7855,-43.3079
"14801-340",-21.7919,-48.1797
"99010-022",-28.2583,-52.4052
"95320-000",-28.7814,-51.6076
"73750-010",-15.6023,-47.6477
"17600-100",-21.9384,-50.514
"04534-003",-23.5856,-46.6779
"26383-070",-22.7165,-43.5554
"95150-000",-29.3854,-51.083
"13520-000",-22.5517,-47.9084
"26112-180",-22.7423,-43.4076
"86455-000",-23.4932,-49.907
"07851-071",-23.3228,-46.725
"55125-000",-7.99898,-36.0522
"45996-135",-17.5459,-39.7239
"13460-000",-22.7795,-47.2942
"76808-644",-8.78689,-63.8965
"23970-000",-23.2175,-44.7247
"73900-000",-14.0821,-46.3778
"38660-000",-23.1014,-48.9352
"13240-000",-23.102,-46.728
"26551-210",-22.7819,-43.4284
"87660-000",-22.9354,-52.1399
"17280-000",-22.3171,-49.0481
"96450-000",-30.9801,-54.6743
"99560-000",-27.9486,-52.9296
"65715-000",-4.33397,-45.1685
"64770-000",-9.01506,-42.6973
"24435-001",-22.8274,-43.0584
"88502-001",-27.8212,-50.3247
"78400-970",-14.4031,-56.427
"13025-151",-22.8983,-47.0513
"29830-000",-18.7056,-40.3982
"47803-070",-12.1477,-44.9951
"78550-138",-11.873,-55.4982
"45120-000",-14.8641,-40.5591
"68901-050",0.0344566,-51.0666
"13400-390",-22.7282,-47.6498
"73840-000",-13.0252,-46.7651
"26600-000",-22.6114,-43.7095
"68503-820",-5.3757,-49.1296
"78058-000",-15.5848,-56.0799
"22743-050",-22.9286,-43.3547
"15130-000",-20.8204,-49.5167
"78325-000",-9.17931,-60.6306
"06460-000",-23.4982,-46.8424
"18035-257",-23.5036,-47.4566
"23088-000",-22.8764,-43.5274
"13175-660",-22.8216,-47.2664
"21635-350",-22.8365,-43.4121
"23031-260",-22.9666,-43.6158
"78455-000",-13.0634,-55.921
"53040-000",-7.99358,-34.8431
"14860-000",-21.1907,-48.1619
"78450-000",-13.8385,-56.0808
"65400-000",-4.45494,-43.8789
"65636-970",-4.87467,-43.3469
"65700-000",-4.22156,-44.7821
"35160-117",-19.4901,-42.5266
"65500-970",-3.7405,-43.3593
"16400-106",-21.6741,-49.7587
"90020-001",-30.0322,-51.2365
"96055-710",-31.7444,-52.3338
"35519-000",-19.8785,-44.9844
"21230-500",-22.8311,-43.3236
"13960-000",-22.5981,-46.5304
"88080-700",-27.6129,-48.5838
"25730-735",-22.4042,-43.1354
"70741-620",-15.7519,-47.8973
"35590-000",-20.0217,-45.5421
"30575-210",-19.9767,-43.966
"13190-000",-22.9467,-47.3163
"96506-760",-30.0409,-52.8947
"13260-000",-22.8804,-46.7923
"99200-000",-28.8445,-51.8876
"94480-500",-30.0692,-51.1064
"87600-000",-23.1969,-52.2213
"86975-000",-23.5479,-51.6701
"99030-130",-28.2654,-52.4175
"75600-000",-18.011,-49.3695
"02860-001",-23.4739,-46.6703
"95350-000",-28.6624,-51.7455
"95340-000",-28.725,-51.7043
"05535-000",-23.5822,-46.7323
"49042-190",-10.9095,-37.0748
"44859-80000",-25.48,-49.2379
"22011-010",-22.9622,-43.1752
"07151-110",-23.4062,-46.4513
"13450-028",-22.757,-47.4124
"07080-050",-23.4443,-46.5476
"86039-090",-23.3228,-51.1432
"08011-190",-23.4961,-46.452
"08031-000",-23.5223,-46.4182
"13700-000",-21.7733,-47.0858
"13098-335",-22.9071,-47.0632
"23510-241",-22.9175,-43.6755
"12080-330",-23.0309,-45.5483
"75901-180",-17.7969,-50.9309
"04366-000",-23.6633,-46.6619
"05565-000",-23.5489,-46.6388
"04030-000",-23.4696,-46.6789
"05435-040",-23.5508,-46.6897
"79032-130",-20.43,-54.5725
"13411-083",-22.6775,-47.6815
"22410-001",-22.9844,-43.2016
"37902-314",-20.729,-46.6111
"99840-000",-27.9493,-51.8056
"99150-000",-28.445,-52.2098
"83324-510",-25.4251,-49.1797
"11660-280",-23.6184,-45.4081
"76954-000",-11.9284,-61.9951
"28695-000",-22.6012,-42.7426
"84130-000",-25.4342,-49.9999
"84266-010",-24.3339,-50.6385
"37573-000",-30.89,-55.5401
"24330-280",-22.9377,-43.0261
"91760-020",-30.1323,-51.2333
"24230-162",-22.9072,-43.1102
"86360-000",-23.1104,-50.3684
"24210-430",-22.903,-43.1232
"49898-25000",-26.9619,-52.5352
"68515-000",-6.06665,-49.9017
"75804-062",-17.8928,-51.7151
"22793-320",-22.934,-43.1772
"22290-900",-22.9554,-43.1661
"65725-000",-4.57435,-44.5987
"89120-000",-26.8239,-49.265
"59280-970",-5.86006,-35.3498
"36415-470",-20.4846,-43.8389
"84940-000",-23.6818,-49.8478
"06541-038",-23.4702,-46.8715
"25953-090",-22.4075,-42.9674
"06455-000",-23.4987,-46.8533
"99300-000",-28.8186,-52.5103
"95190-000",-28.97,-51.0697
"95180-000",-29.2246,-51.351
"93180-000",-29.6987,-51.2381
"25620-020",-22.5046,-43.1823
"86061-335",-23.2927,-51.1732
"86055-220",-23.2927,-51.1732
"17800-000",-21.6757,-51.0636
"13830-000",-22.6066,-46.9193
"81730-000",-25.5029,-49.2385
"11250-000",-23.8553,-46.1394
"89010-000",-26.9086,-49.0807
"13333-330",-23.0798,-47.2112
"31310-360",-19.8732,-43.9807
"37440-000",-21.9695,-44.925
"20765-000",-22.8798,-43.2702
"53401-220",-7.94009,-34.8723
"81630-190",-25.4831,-49.2528
"73456-00006",-14.7937,-39.2764
"45654-001",-14.8086,-39.0364
"75690-000",-17.7457,-48.6258
"53030-000",-8.00785,-34.8411
"03949-200",-23.6054,-46.4802
"08311-080",-23.6233,-46.4718
"13040-099",-22.9375,-47.0671
"35010-090",-18.8527,-41.9457
"35930-001",-19.816,-43.1517
"79200-000",-20.4749,-55.7863
"93542-000",-29.6769,-51.0974
"13184-290",-22.8652,-47.2121
"76920-000",-10.7117,-62.255
"13465-280",-22.7407,-47.3308
"98280-000",-28.2901,-53.4909
"18500-000",-23.0503,-47.8363
"96750-000",-30.1186,-51.9637
"11065-101",-23.965,-46.3421
"58700-320",-7.02834,-37.2773
"22050-002",-22.9692,-43.1847
"52200-000",-6.22631,-36.0229
"49740-000",-18.771,-42.9319
"35460-970",-20.1182,-44.201
"36036-330",-21.7722,-43.37
"83501-040",-25.3108,-49.2971
"27600-000",-22.2476,-43.7047
"11740-000",-24.1849,-46.7879
"20730-000",-22.899,-43.2957
"37578-000",-22.4438,-46.3508
"06132-280",-23.5609,-46.7987
"88790-000",-28.4903,-48.7837
"18780-000",-23.0028,-49.3246
"97050-011",-29.6863,-53.8052
"65300-000",-3.68205,-45.3831
"55590-000",-8.43872,-35.0829
"59290-000",-5.77222,-35.263
"64200-380",-2.90561,-41.7769
"21240-190",-22.8084,-43.3295
"36570-000",-20.7568,-42.8803
