"code","latitude","longitude"
3,-22.0545,-46.9795
4,-15.8167,-48.05
6,-12.1203,-38.4098
15,-23.0445,-50.2282
17,-23.5496,-51.4615
21,-24.1453,-49.8188
22,-28.9342,-49.4813
27,-22.5745,-47.1726
32,-23.1006,-48.9246
35,-22.9071,-47.0632
36,-22.5462,-44.1678
37,-20.5509,-48.5773
43,-29.1696,-51.5075
44,-19.9254,-43.9893
45,-19.9174,-43.9301
48,-19.9372,-43.9343
49,-21.2935,-50.3393
50,-26.9256,-49.0659
52,-22.8816,-48.4431
53,-22.956,-46.5422
55,-15.7801,-47.9292
56,-15.8371,-47.9327
57,-15.8371,-47.9327
62,-15.7801,-47.9292
63,-15.7801,-47.9292
67,-28.4743,-48.985
68,-16.0745,-57.6857
70,-29.9517,-51.1012
71,-20.9667,-41.1167
72,-23.3645,-46.7403
75,-23.0372,-50.0714
76,-23.2792,-51.282
77,-26.9911,-48.6352
84,-22.9069,-47.0985
93,-29.68,-51.0541
94,-20.4551,-54.6121
97,-24.0378,-52.3733
98,-22.8667,-42.0187
99,-29.914,-51.1825
107,-21.1383,-48.9738
108,-29.1696,-51.1828
109,-29.1685,-51.1616
110,-27.1015,-52.6115
111,-23.6633,-52.6055
112,-22.9071,-47.0632
114,-22.33,-47.1731
115,-27.2324,-52.0283
117,-23.1834,-50.6476
118,-22.6445,-47.1953
121,-28.635,-53.6011
122,-22.5745,-44.9626
123,-23.8851,-46.424
140,-23.6853,-46.6242
142,-20.1421,-44.8882
143,-22.2194,-54.8141
145,-27.6401,-52.2724
146,-22.1961,-46.7511
148,-29.4999,-51.9647
150,-29.0305,-51.1919
153,-15.5405,-47.3369
154,-3.73234,-38.5
155,-3.7483,-38.5305
156,-3.80029,-38.4796
157,-25.544,-54.5863
158,-20.5438,-47.402
159,-26.0783,-53.0531
160,-29.2553,-51.5291
161,-26.9301,-48.9606
164,-29.376,-50.8738
165,-30.1085,-51.3149
167,-15.8133,-47.9763
168,-15.7801,-47.9292
170,-25.3969,-51.4673
173,-23.4646,-46.5169
174,-23.4571,-46.5642
176,-22.6336,-47.0562
178,-23.8557,-50.1949
179,-20.0721,-44.3032
181,-23.7787,-45.3584
182,-26.8975,-49.2317
184,-22.7472,-42.8585
186,-26.9097,-48.6547
187,-21.3161,-49.0561
189,-23.5933,-48.0558
190,-23.9676,-48.901
193,-23.0037,-46.8426
195,-23.2657,-47.2965
197,-18.4003,-49.2031
202,-23.1616,-49.9697
204,-22.7058,-46.9862
205,-26.4884,-49.082
207,-22.2964,-48.562
211,-21.765,-43.3488
212,-23.1985,-46.8764
213,-23.1865,-46.8845
215,-28.2128,-51.5168
216,-29.4608,-51.9678
217,-22.1892,-47.398
224,-23.0867,-46.9495
226,0.0344566,-51.0666
229,-3.10416,-60.0187
237,-23.6687,-46.4614
239,-22.3648,-46.9445
241,-22.4378,-46.9622
245,-29.6871,-51.4634
246,-16.7379,-43.8816
255,-22.2756,-42.5349
259,-29.6896,-51.1269
261,-20.7378,-48.9107
262,-23.5401,-46.778
263,-23.5445,-46.7657
269,-25.518,-48.508
272,-26.2295,-52.6716
273,-22.7736,-47.1488
278,-22.9236,-45.4598
283,-22.7679,-43.3976
284,-22.0004,-47.4241
285,-23.5288,-46.3455
286,-21.7883,-46.5627
289,-13.4312,-49.1428
293,-30.0178,-51.1954
295,-30.0528,-51.2223
296,-30.009,-51.1489
297,-30.0794,-51.21
299,-21.8549,-47.4793
300,-21.0468,-49.3774
302,-22.1189,-51.3913
304,-8.05651,-34.8974
305,-8.11392,-34.8948
308,-22.4627,-44.4556
309,-15.7801,-47.9292
310,-23.7084,-46.4121
312,-21.1767,-47.8208
315,-22.4098,-47.5661
316,-29.1808,-51.1905
317,-26.104,-49.8005
320,-23.0004,-43.3496
321,-22.9244,-43.2464
322,-23.0065,-43.3104
324,-22.9538,-43.1895
325,-22.8825,-43.5625
326,-22.9035,-43.2096
327,-22.9817,-43.1909
329,-22.9395,-43.3422
330,-22.9768,-43.2297
331,-22.8057,-43.2111
336,-22.8728,-43.34
337,-22.9146,-43.2238
338,-22.9031,-43.2815
339,-23.0006,-43.3389
340,-22.9205,-43.3706
341,-22.9256,-43.2322
342,-22.8403,-43.306
343,-22.8844,-43.3671
344,-23.3105,-51.3695
346,-23.2052,-47.2917
351,-29.7186,-52.4245
352,-20.2119,-50.9271
355,-23.6471,-46.541
356,-23.6432,-46.5222
357,-23.6668,-46.5144
360,-23.9724,-46.3205
361,-23.9519,-46.337
362,-23.9402,-46.3709
363,-23.9991,-46.4133
365,-23.6917,-46.5526
366,-23.6572,-46.5701
368,-22.0124,-47.892
375,-21.889,-45.59
378,-21.5955,-46.8883
380,-23.1959,-45.8929
382,-23.2335,-45.8848
384,-29.768,-51.1444
386,-2.49187,-44.2614
391,-23.6402,-46.6708
392,-23.5367,-46.5756
394,-23.4945,-46.6455
395,-23.6129,-46.6881
398,-23.6217,-46.6741
400,-23.6136,-46.6243
403,-23.6741,-46.6782
404,-23.597,-46.6102
406,-23.4949,-46.4078
407,-23.5405,-46.4533
408,-23.6456,-46.6391
410,-23.5256,-46.7145
411,-23.5028,-46.6732
412,-23.4753,-46.6315
413,-23.6601,-46.692
414,-23.6259,-46.6066
415,-23.6079,-46.6683
416,-23.5765,-46.5871
417,-23.6347,-46.7335
418,-23.6624,-46.6415
419,-23.56,-46.6638
420,-23.5207,-46.5476
421,-23.5368,-46.6715
423,-23.4971,-46.7261
424,-23.5013,-46.7387
425,-23.526,-46.6896
426,-23.5054,-46.4883
429,-23.4917,-46.6269
433,-23.6022,-46.6399
434,-23.6827,-46.6902
435,-23.5423,-46.6818
436,-23.5486,-46.5696
437,-23.4738,-46.6186
438,-23.4709,-46.6059
440,-23.5517,-46.5305
441,-23.5728,-46.5342
442,-23.4951,-46.6118
443,-23.5407,-46.7028
444,-23.5235,-46.5936
445,-23.4856,-46.5786
446,-23.5904,-46.5726
452,-21.1385,-47.9956
453,-19.4586,-44.2449
454,-11.8577,-55.4984
457,-23.5263,-47.465
458,-23.5062,-47.4559
460,-22.8227,-47.269
461,-23.5358,-46.3111
462,-15.8188,-48.0624
463,-15.8531,-48.0427
465,-23.3492,-47.8439
467,-5.07448,-42.7913
468,-5.08661,-42.7862
472,-24.7238,-53.7431
481,-28.5227,-49.3176
482,-22.9712,-46.9964
483,-21.8356,-46.8811
485,-21.5569,-45.4428
487,-23.2107,-46.8311
488,-29.6086,-52.1967
489,-20.3259,-41.136
490,-28.9408,-51.5485
491,-20.3345,-40.2836
492,-23.0301,-46.9756
493,-20.3038,-40.2971
494,-22.5249,-44.1037
590,-10.2213,-48.3221
621,-29.1723,-54.8566
633,-27.8709,-54.482
677,-23.471,-46.651
736,-21.4708,-47.0006
739,-23.1522,-47.0577
764,-22.8781,-43.438
785,-23.206,-46.7836
814,-23.2969,-50.0784
930,-17.823,-50.5883
962,-22.6567,-43.0398
966,-28.3043,-54.2629
982,-23.7392,-46.6916
999,-23.5489,-46.6388
1005,-15.6167,-47.6667
1026,-22.8984,-43.3527
1106,-29.4679,-51.8115
1118,-29.6407,-51.005
1130,-29.8526,-51.174
1151,-23.6112,-46.7605
1155,-15.8167,-48.1167
1157,-19.594,-46.941
1219,-29.6416,-50.7955
1262,-23.6248,-46.6405
1265,-22.4044,-43.6633
1280,-22.8822,-43.3248
1288,-22.7927,-43.3277
1297,-22.4269,-45.453
1305,-23.5218,-46.8342
1309,-15.7801,-47.9292
1314,-23.5436,-47.4491
1315,-23.5062,-46.5305
1318,-23.5348,-46.6796
1327,-24.3173,-46.9954
1333,-21.2345,-44.9975
1336,-24.9489,-53.4506
1337,-24.9683,-53.4548
1339,-16.0211,-48.0636
1341,-23.5293,-46.7974
1342,-21.7081,-45.2695
1343,-23.5295,-46.7291
1346,-22.9283,-43.3746
1347,-22.8737,-43.2581
1348,-22.8934,-43.2724
1355,-16.2515,-47.9553
1870,-23.4667,-46.4667
1871,-23.4213,-46.5018
1872,-23.6669,-46.5352
1874,-22.4802,-47.4557
1876,-23.6815,-46.5861
1898,-23.1762,-45.8254
1904,-22.0323,-47.8943
1961,-22.9035,-43.2096
1962,-23.5107,-46.659
1964,-27.499,-48.6512
1967,-23.5449,-46.4138
1975,-3.10641,-60.0264
1976,-3.1261,-60.0187
2014,-22.9142,-43.2375
2016,-6.45981,-37.099
2017,-28.0284,-54.3504
2018,-15.856,-47.9466
2110,-26.8965,-48.6461
2114,-23.6655,-46.5265
2148,-15.7801,-47.9292
2175,-23.7208,-46.5692
2176,-10.8808,-61.9419
2177,-11.424,-61.4532
2181,-11.3811,-58.739
2183,-22.8347,-43.3264
2218,-22.8408,-43.2675
2317,-25.5335,-54.5508
2389,-23.0322,-51.8306
2390,-23.1865,-46.8845
2422,-22.498,-48.5515
2425,-23.6605,-46.7678
2430,-18.6542,-48.1927
2452,-29.8281,-51.1443
2453,-22.4651,-43.4655
2461,-23.2199,-45.9109
2463,-26.8371,-52.9868
2466,-16.3608,-46.9029
2478,-23.4464,-51.872
2486,-15.7801,-47.9292
2488,-15.8167,-48.05
2505,-23.6333,-46.7667
2507,-15.6107,-56.0722
2517,-22.2194,-49.9484
2518,-22.1154,-45.051
2525,-20.686,-50.5555
2527,-21.47,-47.3619
2531,-16.0066,-48.082
2532,-15.767,-47.7797
2539,-12.558,-55.7337
2546,-20.1999,-40.2508
2549,-23.0738,-52.4653
2568,-7.11964,-34.8391
2585,-28.4834,-49.0031
2621,-5.82025,-35.2132
2622,-22.8085,-43.4145
2624,-23.5492,-46.9373
2625,-24.1846,-53.0187
2628,-5.7873,-35.2013
2629,-5.79448,-35.211
41268,-23.9618,-46.3314
2643,-6.2613,-36.5161
2648,-28.3686,-49.2856
2649,-23.6343,-46.5319
2651,-23.2276,-46.969
2664,-28.2614,-47.8517
2666,-24.2817,-53.8404
2667,-23.6687,-46.4614
2668,-20.3154,-40.3018
2669,-19.8228,-40.2709
2673,-28.2833,-49.1587
2681,-23.7183,-46.6906
2682,-12.0994,-45.7983
2690,-20.4771,-54.6063
2691,-28.6522,-49.2105
2696,-22.2321,-45.9341
2698,-23.27,-51.0488
2703,-23.6237,-46.5918
2802,-22.9812,-49.8703
2803,-22.8796,-43.4632
2809,-27.5927,-48.6125
2845,-23.9671,-46.3782
21031,-23.995,-46.2599
21040,-23.2854,-47.674
21101,-21.1832,-47.8081
21111,-7.10856,-34.8276
21125,-23.4854,-46.3524
21126,-20.6597,-43.7855
21132,-27.5946,-48.5477
21264,2.8276,-60.6656
21359,-29.609,-51.1626
21360,-23.9946,-46.2569
21361,-15.4676,-58.356
21412,-21.465,-49.2242
21490,-29.9189,-51.1781
21491,-29.6736,-51.1126
21500,-23.6352,-46.7014
21502,-23.6677,-46.7301
21648,-23.5062,-47.4559
21654,-21.2065,-41.8896
21659,-22.8808,-43.1043
21666,-23.5261,-46.198
21706,-23.5877,-46.8327
21729,-15.8947,-47.8526
21748,-29.8004,-51.8645
21751,-22.9949,-47.5095
21760,-23.0867,-46.9495
21762,-23.5308,-47.1354
21764,-9.974,-67.8076
21777,-22.8923,-46.9922
21840,-23.1675,-47.7474
21892,-22.8882,-43.2843
21928,-23.9839,-46.3015
21937,-23.4903,-46.9551
21963,-25.4922,-54.5602
22010,-23.6302,-46.5665
22012,-23.5699,-46.6925
22018,-3.03238,-59.9912
22019,-21.6043,-48.3635
22025,-23.5622,-46.6747
22042,-23.5343,-46.4867
22118,-16.7201,-49.3105
22121,-17.5787,-52.5424
22133,-21.7651,-41.3211
22150,-29.6691,-52.7883
22161,-15.7801,-47.9292
22162,-20.3738,-40.3076
22163,-16.3355,-48.9434
22166,-22.3325,-49.056
22191,-23.6036,-51.6427
22202,-22.5517,-45.7809
22204,-23.7119,-46.5484
22206,-2.5074,-44.2408
22209,-29.7127,-51.1405
22212,-22.8987,-47.1749
22229,-15.6731,-48.1925
22231,-15.8739,-47.9712
22254,-23.4465,-46.685
22255,-29.6539,-51.1724
22260,-27.7747,-54.2363
22271,-22.4238,-47.5582
22272,-27.3461,-51.6072
22292,-22.3462,-49.061
22294,-15.5952,-56.1016
22327,-20.2833,-50.3996
22334,-22.2499,-45.7198
22388,-26.7474,-49.1738
22403,-26.7258,-53.5181
22410,-27.091,-48.612
22415,-22.436,-46.822
22425,-27.1546,-48.5427
22431,-20.7958,-49.2206
22447,-22.2879,-46.6134
22456,-23.0459,-49.1691
22460,-22.7233,-47.3191
22462,-25.8834,-48.5762
22465,-25.092,-50.1619
22466,-5.93741,-35.2567
22470,-23.0612,-54.2011
22483,-9.3705,-40.5164
22488,-21.2646,-48.687
22490,-23.4929,-46.6963
22496,-23.1123,-47.7229
22499,-23.215,-47.5238
22500,-15.7714,-48.2488
22505,-22.2838,-46.3672
22543,-20.4201,-49.9702
22553,-18.9683,-49.4641
22555,-23.4199,-51.4254
22556,-23.5332,-46.6579
22558,-23.3169,-51.1693
22559,-23.4635,-46.5849
22590,-20.426,-51.3427
22594,-7.87232,-35.4398
22596,-21.3691,-46.5208
22600,-25.7346,-53.0585
22610,-22.2101,-49.9392
22611,-23.4333,-46.404
22641,-21.7883,-46.5627
22645,-22.8884,-47.0776
22648,-7.84594,-35.2549
22649,-8.11298,-35.2972
22651,-8.11298,-35.2972
22662,-15.8259,-47.9806
22664,-22.5813,-47.5198
22666,-28.3287,-49.1811
22667,-23.2023,-50.7944
22668,-27.0258,-48.6549
22669,-29.8913,-50.273
22673,-26.5111,-49.1149
22680,-25.4489,-54.4071
22681,-23.5509,-46.7491
22696,-23.7444,-46.3928
22702,-18.9204,-54.8437
22703,-29.1696,-51.5075
22712,-26.6326,-48.6852
22713,-20.8147,-49.367
22717,-20.4565,-54.6353
22741,-22.8665,-43.7772
22742,-23.6174,-46.5678
22749,-29.2322,-51.8834
22771,-22.9204,-43.2505
22772,-22.966,-43.2177
22789,-16.7129,-49.2478
22794,-15.7933,-47.8495
22797,-18.6608,-48.1888
22808,-24.0924,-46.6213
22810,-25.4295,-49.2649
22811,-27.592,-48.5171
22814,-23.4593,-52.0465
22817,-20.5123,-43.7153
22819,-22.3587,-47.3841
22827,-23.5489,-46.6388
22834,-32.0361,-52.1077
22839,-28.7178,-51.9342
22848,-30.0379,-51.2107
22854,-22.9077,-49.6176
22862,-22.1183,-43.2095
22873,-9.66228,-35.7009
22874,-10.92,-37.0533
22875,-9.65937,-35.7327
22881,-17.2223,-46.8752
22882,-27.6301,-54.3072
22885,-22.2978,-44.9267
22888,-20.3539,-40.3537
22900,-21.7609,-43.3516
22902,-3.74717,-38.4968
22920,-10.6859,-37.4247
22921,-10.9292,-37.0488
22970,-12.9907,-38.4863
22975,-24.25,-51.6805
22976,-21.4064,-48.5055
22979,-16.7369,-43.8652
22983,-23.3164,-46.2236
22984,-21.661,-45.925
22992,-14.8623,-40.8222
22999,-23.5357,-46.5259
23004,-25.5874,-49.405
23017,-25.9888,-52.5542
23018,-22.9096,-47.0577
23030,-23.2597,-51.1546
23031,-19.7502,-47.9325
23042,-19.9321,-43.9597
23051,-19.9264,-43.9406
23127,-19.5127,-41.0123
23135,-19.8601,-44.6077
23150,-25.3974,-49.234
23203,-24.0276,-46.4844
23220,-30.0255,-51.1633
23223,-19.8814,-43.999
23224,-5.19108,-37.3439
23227,-20.8178,-49.393
23228,-21.2101,-50.4381
23229,-26.8831,-52.4
23233,-6.88634,-38.5614
23234,-6.76761,-38.2278
23235,-12.2624,-38.9657
23236,-29.3674,-50.813
23237,-22.1086,-50.1743
23296,-22.2582,-45.9301
23395,-22.8549,-46.3199
23401,-23.4112,-51.9395
23403,-23.4228,-51.9345
23423,-21.5384,-49.8577
23424,-3.10641,-60.0264
23432,-20.6667,-40.5
23435,-23.3965,-46.3214
23437,-18.4891,-54.7537
23464,-22.9022,-47.2376
23467,-21.1944,-49.2952
23474,-8.04965,-34.9086
23512,-19.8584,-43.9639
23547,-23.2801,-46.7433
23551,-11.7242,-61.7597
23552,-23.3228,-46.725
23555,-24.1571,-54.1004
23583,-31.3285,-54.1073
23598,-7.23072,-35.8817
23601,-20.2834,-50.2466
23603,-22.8434,-47.6072
23606,-20.4832,-54.6398
23655,-22.8216,-47.2664
23670,-3.73506,-38.5612
23674,-3.7986,-38.5707
23675,-3.79621,-38.4886
23726,-23.5264,-49.2442
23727,-27.0723,-53.158
23745,-29.3391,-49.727
23756,-29.6014,-52.1941
23762,-19.9454,-43.9195
23815,-20.2865,-40.2966
23831,-30.0492,-51.1853
23833,-21.2526,-48.325
23835,-22.2751,-46.1662
23844,-19.9691,-44.2023
23853,-23.4326,-45.0698
23887,-20.4666,-54.5848
23892,-22.9071,-47.0632
23896,-20.3501,-40.2857
23907,-23.1703,-45.8918
23922,-14.1352,-39.7351
23929,-31.7711,-52.3431
23931,-28.6783,-49.3704
23933,-28.8517,-51.2767
23986,-22.736,-47.6397
23988,-28.7095,-49.3021
23991,-8.03707,-34.9198
24000,-23.5489,-46.6388
24009,-22.8648,-43.253
24012,-16.716,-49.2726
24013,-16.7389,-49.2649
24031,-22.7015,-46.7688
24038,-21.1203,-42.948
24045,-16.4664,-54.6329
24068,-10.9145,-37.6639
24074,-23.5501,-46.4978
24075,-23.5489,-46.6388
24078,-21.3607,-48.2282
24121,-23.2986,-45.9679
24135,-23.761,-45.4121
24137,-0.832359,-52.4104
24143,-20.3653,-43.2147
24163,-23.7641,-53.3184
24207,-28.0713,-52.0143
24209,-23.5078,-46.5988
24214,-28.5687,-51.9728
24215,-23.5489,-46.6388
24219,-23.7852,-53.0734
24221,-29.5841,-51.0869
24240,-23.3184,-46.5872
24245,-21.9796,-46.7975
24248,-20.6313,-49.6577
24256,-23.5749,-46.707
24264,-19.9775,-44.0195
24265,-21.7583,-48.8284
24266,-19.4041,-40.0648
24272,-20.3409,-40.3829
24300,-22.4705,-43.8268
24301,-23.5931,-46.7341
24315,-8.75809,-63.9035
24322,-19.9821,-43.9442
24325,-8.75093,-63.8961
24330,-22.8073,-45.1913
24333,-27.4742,-53.1706
24337,-23.3358,-46.8401
24390,-27.1161,-49.9982
24394,-27.2766,-48.85
24404,-22.8773,-47.0524
24424,-19.9301,-43.9523
24466,-22.939,-47.1075
24488,-23.5687,-46.6585
24492,-10.4418,-45.1645
24498,-22.0743,-48.7402
24502,-28.5989,-49.4254
24509,-28.6604,-49.4711
24510,-28.748,-49.4729
24534,-28.2871,-52.7928
24546,-25.4667,-49.2998
24547,-25.4105,-49.2537
24548,-22.7128,-47.6365
24566,-22.7272,-45.1199
24573,-22.7267,-47.3247
24574,-12.3531,-38.3801
24587,-21.2042,-47.7755
24595,-21.1789,-47.7882
24624,-21.904,-47.6199
24643,-23.5063,-46.8756
24653,-20.5123,-43.7153
24656,-25.4457,-49.2832
24657,-25.4359,-49.2981
24659,-25.4155,-49.3506
24660,-25.4513,-49.2297
24690,-22.6607,-50.412
24720,-21.7768,-43.3483
24721,-21.6891,-43.4344
24724,-19.9357,-44.0495
24746,-27.0947,-48.9189
24750,-23.5771,-46.7415
24761,-26.2099,-48.9084
24763,-22.2271,-49.9622
24773,-22.9831,-43.2245
24776,-27.6012,-48.473
24777,-23.4855,-51.7927
24840,-20.72,-47.888
24844,-29.589,-51.3768
24856,-23.5414,-46.5735
24865,-22.8556,-47.0481
24866,-21.0912,-48.6556
24894,-3.07385,-60.0271
24898,-28.2405,-48.6703
24922,-8.08816,-34.908
24930,-16.0084,-49.7962
24939,-23.5303,-46.903
24940,-23.5316,-51.4367
24951,-23.7425,-46.5567
24984,-15.7406,-47.8564
24986,-23.4467,-46.919
25050,-21.4329,-45.9496
25058,-12.9343,-38.3712
25068,-22.9096,-47.0449
25124,-23.6481,-46.4379
25134,-5.87278,-35.1809
25141,-19.6912,-44.8965
25148,-19.7904,-42.1393
25191,-20.6417,-50.3616
25256,-16.7664,-49.2917
25259,-16.1144,-47.9372
25273,-22.2127,-49.6604
25299,-29.6307,-50.8257
25303,-18.9542,-49.4648
25304,-23.6055,-47.0262
25338,-18.9193,-48.2803
25366,-16.7129,-49.2478
25369,-22.9071,-47.0632
25371,-5.25429,-38.1247
25372,-22.9233,-53.1364
25455,-25.4169,-49.2647
25460,-17.3441,-44.9409
25461,-22.7311,-47.317
25462,-27.5871,-48.5794
25510,-22.9305,-47.0359
25551,-23.4071,-46.7586
25552,-23.5489,-46.6388
25555,-29.9448,-50.9922
25556,-23.4889,-47.4464
25570,-24.1051,-49.343
25616,-18.9998,-57.6582
25618,-10.8529,-37.1453
25635,-23.1143,-46.5544
25638,-21.3102,-46.7127
25658,-22.9655,-47.1333
25659,-23.3058,-47.1319
25660,-15.9159,-47.7613
25720,-23.102,-45.7069
25721,-20.6917,-50.9225
25722,-24.043,-52.3849
25772,-28.5963,-51.7867
25773,-19.6657,-43.2121
25778,-3.10641,-60.0264
25783,-22.7598,-43.4516
25801,-26.3145,-48.8508
25802,-26.2947,-48.8498
25806,-16.0717,-47.9777
25808,-23.8566,-51.8494
25809,-3.10641,-60.0264
25817,-22.2515,-53.3498
25836,-21.018,-47.7645
25848,-23.5477,-46.6356
25863,-21.2616,-48.4966
25888,-21.7345,-46.9707
25910,-26.3009,-48.8428
25911,-25.0983,-50.157
25912,-24.5398,-49.9278
25922,-26.7662,-48.6704
25930,-25.536,-49.2079
25932,-23.562,-46.6388
25936,-20.254,-43.8033
25939,-23.5431,-46.3144
25946,-20.9545,-48.4801
25951,-23.2248,-51.6631
26005,-15.6478,-56.1332
26006,-20.4509,-54.5882
26017,-23.0171,-44.5394
26021,-23.5469,-47.1841
26032,-15.3545,-48.5106
26045,-23.6833,-47.0333
26046,-29.4042,-51.9412
26047,-22.5622,-47.4134
26048,-22.5753,-47.3937
26054,-23.7149,-46.8494
26055,-27.8506,-53.776
26058,-14.4578,-48.4663
26059,-23.4098,-46.8363
26063,-23.7155,-49.491
26065,-23.6155,-46.704
26113,-30.0882,-51.6245
26417,-23.0566,-49.6208
32826,-22.8985,-47.0298
32831,-22.7414,-43.7053
32834,-22.1055,-45.1454
32837,-19.3228,-45.2462
32841,-23.577,-46.5114
32842,-5.78333,-43.25
32843,-22.5968,-48.8119
32844,-29.4409,-51.5079
32847,-15.5948,-56.1185
32848,-21.1641,-48.6386
32849,-22.6101,-46.7025
32851,-19.4673,-44.2501
32853,-28.7244,-52.8449
32872,-23.0054,-44.3197
32880,-23.6492,-46.8526
32881,-8.17083,-34.9158
32886,-23.5192,-46.8367
32887,-15.7928,-47.9399
32888,-15.7801,-47.9292
32889,-15.8006,-47.9255
32897,-21.4211,-50.0728
32927,-21.2264,-43.774
32931,-25.7803,-53.5436
32932,-23.6521,-47.2213
32933,-15.9436,-48.2551
32942,-22.9204,-47.0853
32951,-20.2682,-50.5489
32952,-25.4691,-50.6496
32957,-9.42452,-40.4984
32959,-8.13145,-34.9037
32971,-8.04084,-34.8948
32973,-24.562,-54.0623
32979,-23.623,-46.5369
32982,-22.776,-43.3627
32983,-23.1791,-45.8872
32993,-22.4797,-46.636
32994,-21.1326,-46.4159
32999,-17.3141,-53.2153
33004,-13.851,-40.0812
33007,-15.8705,-47.9686
33020,-22.8229,-43.0028
33026,-15.6333,-47.8167
33027,-22.4939,-41.9171
33028,-22.3786,-41.7779
33032,-21.0941,-45.5746
33034,-24.0059,-53.7055
33087,-20.9646,-49.0282
33094,-20.2564,-42.0325
33100,-26.4261,-49.2433
33106,-18.7573,-44.4296
41284,-29.3006,-51.5047
33124,-28.3885,-53.912
33127,-15.5798,-54.2289
33132,-22.743,-46.8943
33133,-14.5172,-40.3787
33134,-27.4994,-54.0993
33142,-25.4341,-49.2674
33155,-22.8787,-42.0199
33160,-20.7598,-51.6951
33164,-22.8988,-43.2771
33174,-19.3936,-54.5635
33184,-12.8938,-38.3275
33186,-22.4269,-45.453
33187,-20.3141,-40.307
33188,-20.1065,-40.1785
33190,-22.7919,-43.3031
33191,-22.9227,-43.2649
33192,-25.8189,-48.5414
33195,-22.5311,-55.7299
33225,-21.8281,-47.2514
33228,-23.0069,-47.1363
33231,-27.64,-48.6666
33238,-23.5993,-46.5378
33255,-15.9064,-47.8625
33281,-21.2453,-48.8051
33295,-22.2832,-48.127
33300,-23.53,-46.6361
33302,-15.6692,-58.0853
33303,-22.9638,-43.0489
33307,-22.9184,-42.8185
33308,-22.8807,-42.0226
33309,-22.8362,-42.1037
33310,-22.9191,-42.8183
33311,-22.7744,-41.9151
33312,-22.7727,-43.3416
33313,-22.9011,-43.1025
33339,-25.347,-54.2391
33346,-21.5964,-48.8111
33348,-22.3691,-48.3804
33349,-16.689,-49.2703
33362,-29.7637,-50.0192
33374,-27.2405,-48.6344
33376,-25.8554,-52.5297
33381,-27.7729,-51.5943
33401,-21.6757,-42.0818
33404,-14.1973,-39.5127
33408,-22.9605,-45.5407
33419,-24.7299,-48.1028
33425,-29.4419,-51.1381
33428,-25.5362,-49.1792
33433,-22.153,-42.9253
33434,-22.7855,-43.3079
33435,-21.7919,-48.1797
33457,-28.2583,-52.4052
33460,-28.7814,-51.6076
33464,-15.6023,-47.6477
33465,-21.9384,-50.514
33467,-23.5856,-46.6779
33469,-22.7165,-43.5554
33489,-29.3854,-51.083
33498,-22.5517,-47.9084
33500,-22.7423,-43.4076
33501,-23.4932,-49.907
33502,-23.3228,-46.725
33504,-7.99898,-36.0522
33506,-17.5459,-39.7239
33507,-22.7795,-47.2942
33508,-8.78689,-63.8965
33525,-23.2175,-44.7247
33542,-14.0821,-46.3778
33553,-23.1014,-48.9352
33569,-23.102,-46.728
33575,-22.7819,-43.4284
33578,-22.9354,-52.1399
33579,-22.3171,-49.0481
33580,-30.9801,-54.6743
33582,-27.9486,-52.9296
33598,-4.33397,-45.1685
33599,-9.01506,-42.6973
33600,-22.8274,-43.0584
33601,-27.8212,-50.3247
33609,-14.4031,-56.427
33622,-22.8983,-47.0513
33644,-18.7056,-40.3982
33645,-12.1477,-44.9951
33646,-11.873,-55.4982
33648,-14.8641,-40.5591
33649,0.0344566,-51.0666
33665,-22.7282,-47.6498
33671,-13.0252,-46.7651
33672,-22.6114,-43.7095
33676,-5.3757,-49.1296
33677,-15.5848,-56.0799
33685,-22.9286,-43.3547
33714,-20.8204,-49.5167
33744,-9.17931,-60.6306
33746,-23.4982,-46.8424
33749,-23.5036,-47.4566
33758,-22.8764,-43.5274
33759,-22.8216,-47.2664
33761,-22.8365,-43.4121
33763,-22.9666,-43.6158
33766,-13.0634,-55.921
33773,-7.99358,-34.8431
33792,-21.1907,-48.1619
33793,-13.8385,-56.0808
33795,-4.45494,-43.8789
33796,-4.87467,-43.3469
33797,-4.22156,-44.7821
33802,-19.4901,-42.5266
33826,-3.7405,-43.3593
33831,-21.6741,-49.7587
33835,-30.0322,-51.2365
33857,-31.7444,-52.3338
33863,-19.8785,-44.9844
33866,-22.8311,-43.3236
33867,-22.5981,-46.5304
33879,-27.6129,-48.5838
33909,-22.4042,-43.1354
33945,-15.7519,-47.8973
33956,-20.0217,-45.5421
33967,-19.9767,-43.966
33981,-22.9467,-47.3163
33982,-30.0409,-52.8947
33983,-22.8804,-46.7923
33984,-28.8445,-51.8876
33985,-30.0692,-51.1064
33989,-23.1969,-52.2213
33996,-23.5479,-51.6701
34002,-28.2654,-52.4175
34006,-18.011,-49.3695
34009,-23.4739,-46.6703
34031,-28.6624,-51.7455
34032,-28.725,-51.7043
34050,-23.5822,-46.7323
34051,-10.9095,-37.0748
34053,-25.48,-49.2379
34066,-22.9622,-43.1752
34069,-23.4062,-46.4513
34070,-22.757,-47.4124
34078,-23.4443,-46.5476
34125,-23.3228,-51.1432
34128,-23.4961,-46.452
34129,-23.5223,-46.4182
34130,-21.7733,-47.0858
34139,-22.9071,-47.0632
34154,-22.9175,-43.6755
34155,-23.0309,-45.5483
34160,-17.7969,-50.9309
34169,-23.6633,-46.6619
34208,-23.5489,-46.6388
34209,-23.4696,-46.6789
34264,-23.5508,-46.6897
34265,-20.43,-54.5725
34270,-22.6775,-47.6815
34272,-22.9844,-43.2016
34328,-20.729,-46.6111
34342,-27.9493,-51.8056
34346,-28.445,-52.2098
34427,-25.4251,-49.1797
34432,-23.6184,-45.4081
34881,-11.9284,-61.9951
34936,-22.6012,-42.7426
34942,-25.4342,-49.9999
34945,-24.3339,-50.6385
35023,-30.89,-55.5401
35094,-22.9377,-43.0261
35096,-30.1323,-51.2333
35211,-22.9072,-43.1102
35229,-23.1104,-50.3684
35247,-22.903,-43.1232
35404,-26.9619,-52.5352
35407,-6.06665,-49.9017
36000,-17.8928,-51.7151
36022,-22.934,-43.1772
36026,-22.9554,-43.1661
36050,-4.57435,-44.5987
36124,-26.8239,-49.265
36298,-5.86006,-35.3498
36562,-20.4846,-43.8389
37029,-23.6818,-49.8478
37044,-23.4702,-46.8715
37054,-22.4075,-42.9674
37061,-23.4987,-46.8533
39106,-28.8186,-52.5103
39116,-28.97,-51.0697
39140,-29.2246,-51.351
39166,-29.6987,-51.2381
39182,-22.5046,-43.1823
39228,-23.2927,-51.1732
39231,-23.2927,-51.1732
39253,-21.6757,-51.0636
39330,-22.6066,-46.9193
39398,-25.5029,-49.2385
39487,-23.8553,-46.1394
51,-26.9086,-49.0807
23147,-23.0798,-47.2112
23330,-19.8732,-43.9807
23501,-21.9695,-44.925
25276,-22.8798,-43.2702
33998,-7.94009,-34.8723
34023,-25.4831,-49.2528
34149,-14.7937,-39.2764
34150,-14.8086,-39.0364
39434,-17.7457,-48.6258
39437,-8.00785,-34.8411
23987,-23.6054,-46.4802
36346,-23.6233,-46.4718
40998,-22.9375,-47.0671
39124,-18.8527,-41.9457
36718,-19.816,-43.1517
33232,-20.4749,-55.7863
33825,-29.6769,-51.0974
40024,-22.8652,-47.2121
37040,-10.7117,-62.255
41173,-22.7407,-47.3308
23126,-28.2901,-53.4909
34003,-23.0503,-47.8363
37039,-30.1186,-51.9637
35396,-23.965,-46.3421
41194,-7.02834,-37.2773
41035,-22.9692,-43.1847
40702,-6.22631,-36.0229
40701,-18.771,-42.9319
35527,-20.1182,-44.201
34267,-21.7722,-43.37
41204,-25.3108,-49.2971
35024,-22.2476,-43.7047
40950,-24.1849,-46.7879
34131,-22.899,-43.2957
41561,-22.4438,-46.3508
1340,-23.5609,-46.7987
35669,-28.4903,-48.7837
34376,-23.0028,-49.3246
353,-29.6863,-53.8052
33799,-3.68205,-45.3831
33990,-8.43872,-35.0829
34161,-5.77222,-35.263
41319,-2.90561,-41.7769
33668,-22.8084,-43.3295
24037,-20.7568,-42.8803
